,danceability,energy,key,loudness,speechiness,acousticness,instrumentalness,liveness,valence,tempo,label,artistName,trackName
1784,0.2397981570864414,0.08972049209862562,0.6363636363636364,0.5190984222389181,0.011757648470305943,0.17883777503029605,0.7094801223241589,0.06859852476290831,0.007500528206211714,0.05194338908255325,3,Rexx Life Raj,Time
1785,0.2397981570864414,0.08972049209862562,0.6363636363636364,0.5190984222389181,0.011757648470305943,0.17883777503029605,0.7094801223241589,0.06859852476290831,0.007500528206211714,0.05194338908255325,3,Statik Selektah,Time
1786,0.2397981570864414,0.08972049209862562,0.6363636363636364,0.5190984222389181,0.011757648470305943,0.17883777503029605,0.7094801223241589,0.06859852476290831,0.007500528206211714,0.05194338908255325,3,Statik Selektah,Time
1787,0.2397981570864414,0.08972049209862562,0.6363636363636364,0.5190984222389181,0.011757648470305943,0.17883777503029605,0.7094801223241589,0.06859852476290831,0.007500528206211714,0.05194338908255325,3,Statik Selektah,Time
1788,0.2397981570864414,0.08972049209862562,0.6363636363636364,0.5190984222389181,0.011757648470305943,0.17883777503029605,0.7094801223241589,0.06859852476290831,0.007500528206211714,0.05194338908255325,3,Rexx Life Raj,Time
1789,0.2397981570864414,0.08972049209862562,0.6363636363636364,0.5190984222389181,0.011757648470305943,0.17883777503029605,0.7094801223241589,0.06859852476290831,0.007500528206211714,0.05194338908255325,3,Rexx Life Raj,Time
1790,0.2397981570864414,0.08972049209862562,0.6363636363636364,0.5190984222389181,0.011757648470305943,0.17883777503029605,0.7094801223241589,0.06859852476290831,0.007500528206211714,0.05194338908255325,3,Rexx Life Raj,Time
1791,0.2397981570864414,0.08972049209862562,0.6363636363636364,0.5190984222389181,0.011757648470305943,0.17883777503029605,0.7094801223241589,0.06859852476290831,0.007500528206211714,0.05194338908255325,3,Rexx Life Raj,Time
1792,0.2397981570864414,0.08972049209862562,0.6363636363636364,0.5190984222389181,0.011757648470305943,0.17883777503029605,0.7094801223241589,0.06859852476290831,0.007500528206211714,0.05194338908255325,3,Rexx Life Raj,Time
1793,0.2397981570864414,0.08972049209862562,0.6363636363636364,0.5190984222389181,0.011757648470305943,0.17883777503029605,0.7094801223241589,0.06859852476290831,0.007500528206211714,0.05194338908255325,3,Statik Selektah,Time
1794,0.2397981570864414,0.08972049209862562,0.6363636363636364,0.5190984222389181,0.011757648470305943,0.17883777503029605,0.7094801223241589,0.06859852476290831,0.007500528206211714,0.05194338908255325,3,Rexx Life Raj,Time
1795,0.2397981570864414,0.08972049209862562,0.6363636363636364,0.5190984222389181,0.011757648470305943,0.17883777503029605,0.7094801223241589,0.06859852476290831,0.007500528206211714,0.05194338908255325,3,Rexx Life Raj,Time
1796,0.2397981570864414,0.08972049209862562,0.6363636363636364,0.5190984222389181,0.011757648470305943,0.17883777503029605,0.7094801223241589,0.06859852476290831,0.007500528206211714,0.05194338908255325,3,Statik Selektah,Time
1797,0.2397981570864414,0.08972049209862562,0.6363636363636364,0.5190984222389181,0.011757648470305943,0.17883777503029605,0.7094801223241589,0.06859852476290831,0.007500528206211714,0.05194338908255325,3,Rexx Life Raj,Time
1798,0.2397981570864414,0.08972049209862562,0.6363636363636364,0.5190984222389181,0.011757648470305943,0.17883777503029605,0.7094801223241589,0.06859852476290831,0.007500528206211714,0.05194338908255325,3,Rexx Life Raj,Time
1799,0.2397981570864414,0.08972049209862562,0.6363636363636364,0.5190984222389181,0.011757648470305943,0.17883777503029605,0.7094801223241589,0.06859852476290831,0.007500528206211714,0.05194338908255325,3,Rexx Life Raj,Time
1800,0.2397981570864414,0.08972049209862562,0.6363636363636364,0.5190984222389181,0.011757648470305943,0.17883777503029605,0.7094801223241589,0.06859852476290831,0.007500528206211714,0.05194338908255325,3,Statik Selektah,Time
1801,0.2397981570864414,0.08972049209862562,0.6363636363636364,0.5190984222389181,0.011757648470305943,0.17883777503029605,0.7094801223241589,0.06859852476290831,0.007500528206211714,0.05194338908255325,3,Hans Zimmer,Time
1802,0.2397981570864414,0.08972049209862562,0.6363636363636364,0.5190984222389181,0.011757648470305943,0.17883777503029605,0.7094801223241589,0.06859852476290831,0.007500528206211714,0.05194338908255325,3,Rexx Life Raj,Time
1803,0.2397981570864414,0.08972049209862562,0.6363636363636364,0.5190984222389181,0.011757648470305943,0.17883777503029605,0.7094801223241589,0.06859852476290831,0.007500528206211714,0.05194338908255325,3,Statik Selektah,Time
1804,0.2397981570864414,0.08972049209862562,0.6363636363636364,0.5190984222389181,0.011757648470305943,0.17883777503029605,0.7094801223241589,0.06859852476290831,0.007500528206211714,0.05194338908255325,3,Deshawn Visionz,Time
1805,0.2397981570864414,0.08972049209862562,0.6363636363636364,0.5190984222389181,0.011757648470305943,0.17883777503029605,0.7094801223241589,0.06859852476290831,0.007500528206211714,0.05194338908255325,3,Deshawn Visionz,Time
1806,0.2397981570864414,0.08972049209862562,0.6363636363636364,0.5190984222389181,0.011757648470305943,0.17883777503029605,0.7094801223241589,0.06859852476290831,0.007500528206211714,0.05194338908255325,3,Hans Zimmer,Time
1807,0.2397981570864414,0.08972049209862562,0.6363636363636364,0.5190984222389181,0.011757648470305943,0.17883777503029605,0.7094801223241589,0.06859852476290831,0.007500528206211714,0.05194338908255325,3,Deshawn Visionz,Time
1808,0.2397981570864414,0.08972049209862562,0.6363636363636364,0.5190984222389181,0.011757648470305943,0.17883777503029605,0.7094801223241589,0.06859852476290831,0.007500528206211714,0.05194338908255325,3,Rexx Life Raj,Time
1809,0.2397981570864414,0.08972049209862562,0.6363636363636364,0.5190984222389181,0.011757648470305943,0.17883777503029605,0.7094801223241589,0.06859852476290831,0.007500528206211714,0.05194338908255325,3,Statik Selektah,Time
1810,0.2397981570864414,0.08972049209862562,0.6363636363636364,0.5190984222389181,0.011757648470305943,0.17883777503029605,0.7094801223241589,0.06859852476290831,0.007500528206211714,0.05194338908255325,3,Hans Zimmer,Time
1811,0.2397981570864414,0.08972049209862562,0.6363636363636364,0.5190984222389181,0.011757648470305943,0.17883777503029605,0.7094801223241589,0.06859852476290831,0.007500528206211714,0.05194338908255325,3,Statik Selektah,Time
4941,0.5996050899517332,0.27523549698872707,0.09090909090909091,0.6652441773102931,0.02339532093581284,0.9718573533670113,0.908256880733945,0.05142255005268704,0.2150855694062962,0.1959317431096837,3,Elijah Who,my new love
4942,0.5996050899517332,0.27523549698872707,0.09090909090909091,0.6652441773102931,0.02339532093581284,0.9718573533670113,0.908256880733945,0.05142255005268704,0.2150855694062962,0.1959317431096837,3,Elijah Who,my new love
6681,0.8453268977621764,0.3648015648324497,0.6363636363636364,0.7234560480841473,0.1337732453509298,0.08526347497560886,0.9999999999999999,0.2518440463645943,0.19607014578491444,0.1636115571919105,3,The Deli,Flowers
6703,0.6917507678806494,0.1887579142430638,0.09090909090909091,0.5730728775356875,0.0812237552489502,0.9185873436688543,0.9551478083588175,0.07081138040042151,0.607014578491443,0.19000430848772082,3,Jinsang,Affection
6704,0.6917507678806494,0.1887579142430638,0.09090909090909091,0.5730728775356875,0.0812237552489502,0.9185873436688543,0.9551478083588175,0.07081138040042151,0.607014578491443,0.19000430848772082,3,Jinsang,Affection
6708,0.7641509433962265,0.18052195398157203,0.6363636363636364,0.5911645379413976,0.03167366526694661,0.9226077217592813,0.9439347604485219,0.10221285563751317,0.36509613353053033,0.09823352003446789,3,Wintrz!,Jovial
6709,0.7641509433962265,0.18052195398157203,0.6363636363636364,0.5911645379413976,0.03167366526694661,0.9226077217592813,0.9439347604485219,0.10221285563751317,0.36509613353053033,0.09823352003446789,3,Wintrz!,Jovial
6715,0.5897323387450637,0.39774540587841667,0.4545454545454546,0.6845379413974456,0.03407318536292741,0.8040065680916864,0.8888888888888888,0.12644889357218123,0.6228607648425946,0.16994372853916145,3,Nohidea,"sincerely, yours"
6725,0.8080298376480913,0.5840840067946672,0.9090909090909092,0.5755071374906087,0.1409718056388722,0.9266280998497083,0.9571865443425075,0.0969441517386723,0.15698288611874076,0.16034102333111383,3,potsu,lovesick
6726,0.5579201404124616,0.2814124671848458,0.18181818181818182,0.6333583771600302,0.019796040791841628,0.9015007367845398,0.9092762487257899,0.06649104320337196,0.2319881681808578,0.4200971368140692,3,Yndi,We Can't Be Friends
6729,0.6336112329969286,0.10742780666083288,0.8181818181818182,0.5502930127723518,0.400119976004799,0.9718573533670113,0.8470948012232415,0.0958904109589041,0.16754701035284175,0.1507383181230661,3,eevee,viola
6730,0.7926722246599387,0.12698821228187576,0.7272727272727273,0.7427197595792638,0.08278344331133772,0.8793886572871916,0.8236493374108053,0.09483667017913594,0.41157828016057474,0.09839672032692282,3,Elijah Who,this girl
6731,0.6840719613865731,0.18155144901425851,0.9090909090909092,0.61328324567994,0.031433713257348526,0.6894257925145184,0.9520897043832823,0.05816649104320338,0.5446862455102472,0.20536472001357825,3,The Deli,5:32pm
6732,0.6840719613865731,0.18155144901425851,0.9090909090909092,0.61328324567994,0.031433713257348526,0.6894257925145184,0.9520897043832823,0.05816649104320338,0.5446862455102472,0.20536472001357825,3,The Deli,5:32pm
8724,0.09390083369899077,0.1568435682297833,0.9090909090909092,0.4348309541697972,0.024475104979004195,0.8884345079906522,0.9612640163098878,0.09483667017913594,0.02746672300866259,0.09015184155210004,3,Nicholas Britell,Agape
8725,0.09390083369899077,0.1568435682297833,0.9090909090909092,0.4348309541697972,0.024475104979004195,0.8884345079906522,0.9612640163098878,0.09483667017913594,0.02746672300866259,0.09015184155210004,3,Nicholas Britell,Agape
8726,0.09390083369899077,0.1568435682297833,0.9090909090909092,0.4348309541697972,0.024475104979004195,0.8884345079906522,0.9612640163098878,0.09483667017913594,0.02746672300866259,0.09015184155210004,3,Nicholas Britell,Agape
8727,0.09390083369899077,0.1568435682297833,0.9090909090909092,0.4348309541697972,0.024475104979004195,0.8884345079906522,0.9612640163098878,0.09483667017913594,0.02746672300866259,0.09015184155210004,3,Nicholas Britell,Agape
8728,0.09390083369899077,0.1568435682297833,0.9090909090909092,0.4348309541697972,0.024475104979004195,0.8884345079906522,0.9612640163098878,0.09483667017913594,0.02746672300866259,0.09015184155210004,3,Nicholas Britell,Agape
8729,0.09390083369899077,0.1568435682297833,0.9090909090909092,0.4348309541697972,0.024475104979004195,0.8884345079906522,0.9612640163098878,0.09483667017913594,0.02746672300866259,0.09015184155210004,3,Nicholas Britell,Agape
8730,0.09390083369899077,0.1568435682297833,0.9090909090909092,0.4348309541697972,0.024475104979004195,0.8884345079906522,0.9612640163098878,0.09483667017913594,0.02746672300866259,0.09015184155210004,3,Nicholas Britell,Agape
8731,0.09390083369899077,0.1568435682297833,0.9090909090909092,0.4348309541697972,0.024475104979004195,0.8884345079906522,0.9612640163098878,0.09483667017913594,0.02746672300866259,0.09015184155210004,3,Nicholas Britell,Agape
8732,0.09390083369899077,0.1568435682297833,0.9090909090909092,0.4348309541697972,0.024475104979004195,0.8884345079906522,0.9612640163098878,0.09483667017913594,0.02746672300866259,0.09015184155210004,3,Nicholas Britell,Agape
8733,0.09390083369899077,0.1568435682297833,0.9090909090909092,0.4348309541697972,0.024475104979004195,0.8884345079906522,0.9612640163098878,0.09483667017913594,0.02746672300866259,0.09015184155210004,3,Nicholas Britell,Agape
8734,0.09390083369899077,0.1568435682297833,0.9090909090909092,0.4348309541697972,0.024475104979004195,0.8884345079906522,0.9612640163098878,0.09483667017913594,0.02746672300866259,0.09015184155210004,3,Nicholas Britell,Agape
8735,0.09390083369899077,0.1568435682297833,0.9090909090909092,0.4348309541697972,0.024475104979004195,0.8884345079906522,0.9612640163098878,0.09483667017913594,0.02746672300866259,0.09015184155210004,3,Nicholas Britell,Agape
8736,0.09390083369899077,0.1568435682297833,0.9090909090909092,0.4348309541697972,0.024475104979004195,0.8884345079906522,0.9612640163098878,0.09483667017913594,0.02746672300866259,0.09015184155210004,3,Nicholas Britell,Agape
8737,0.09390083369899077,0.1568435682297833,0.9090909090909092,0.4348309541697972,0.024475104979004195,0.8884345079906522,0.9612640163098878,0.09483667017913594,0.02746672300866259,0.09015184155210004,3,Nicholas Britell,Agape
8738,0.09390083369899077,0.1568435682297833,0.9090909090909092,0.4348309541697972,0.024475104979004195,0.8884345079906522,0.9612640163098878,0.09483667017913594,0.02746672300866259,0.09015184155210004,3,Nicholas Britell,Agape
8739,0.09390083369899077,0.1568435682297833,0.9090909090909092,0.4348309541697972,0.024475104979004195,0.8884345079906522,0.9612640163098878,0.09483667017913594,0.02746672300866259,0.09015184155210004,3,Nicholas Britell,Agape
8740,0.09390083369899077,0.1568435682297833,0.9090909090909092,0.4348309541697972,0.024475104979004195,0.8884345079906522,0.9612640163098878,0.09483667017913594,0.02746672300866259,0.09015184155210004,3,Nicholas Britell,Agape
8741,0.09390083369899077,0.1568435682297833,0.9090909090909092,0.4348309541697972,0.024475104979004195,0.8884345079906522,0.9612640163098878,0.09483667017913594,0.02746672300866259,0.09015184155210004,3,Nicholas Britell,Agape
8742,0.09390083369899077,0.1568435682297833,0.9090909090909092,0.4348309541697972,0.024475104979004195,0.8884345079906522,0.9612640163098878,0.09483667017913594,0.02746672300866259,0.09015184155210004,3,Nicholas Britell,Agape
8743,0.3527863097849935,0.11051629175889227,0.09090909090909091,0.3690458302028551,0.03263347330533893,0.8954701696488994,0.8542303771661569,0.083245521601686,0.07775195436298332,0.24211089786272894,3,Martin O'Donnell,Deference for Darkness
8744,0.3527863097849935,0.11051629175889227,0.09090909090909091,0.3690458302028551,0.03263347330533893,0.8954701696488994,0.8542303771661569,0.083245521601686,0.07775195436298332,0.24211089786272894,3,Martin O'Donnell,Deference for Darkness
8745,0.3527863097849935,0.11051629175889227,0.09090909090909091,0.3690458302028551,0.03263347330533893,0.8954701696488994,0.8542303771661569,0.083245521601686,0.07775195436298332,0.24211089786272894,3,Martin O'Donnell,Deference for Darkness
8746,0.3527863097849935,0.11051629175889227,0.09090909090909091,0.3690458302028551,0.03263347330533893,0.8954701696488994,0.8542303771661569,0.083245521601686,0.07775195436298332,0.24211089786272894,3,Martin O'Donnell,Deference for Darkness
8747,0.3527863097849935,0.11051629175889227,0.09090909090909091,0.3690458302028551,0.03263347330533893,0.8954701696488994,0.8542303771661569,0.083245521601686,0.07775195436298332,0.24211089786272894,3,Martin O'Donnell,Deference for Darkness
8748,0.267222465993857,0.3606835847017038,0.4545454545454546,0.6809917355371902,0.006838632273545288,0.9145669655784274,0.9796126401630988,0.2602739726027397,0.10310585252482571,0.2424242424242425,3,Nobuo Uematsu,A Fleeting Dream
8749,0.267222465993857,0.3606835847017038,0.4545454545454546,0.6809917355371902,0.006838632273545288,0.9145669655784274,0.9796126401630988,0.2602739726027397,0.10310585252482571,0.2424242424242425,3,Nobuo Uematsu,A Fleeting Dream
8750,0.267222465993857,0.3606835847017038,0.4545454545454546,0.6809917355371902,0.006838632273545288,0.9145669655784274,0.9796126401630988,0.2602739726027397,0.10310585252482571,0.2424242424242425,3,Nobuo Uematsu,A Fleeting Dream
8751,0.267222465993857,0.3606835847017038,0.4545454545454546,0.6809917355371902,0.006838632273545288,0.9145669655784274,0.9796126401630988,0.2602739726027397,0.10310585252482571,0.2424242424242425,3,Nobuo Uematsu,A Fleeting Dream
8752,0.267222465993857,0.3606835847017038,0.4545454545454546,0.6809917355371902,0.006838632273545288,0.9145669655784274,0.9796126401630988,0.2602739726027397,0.10310585252482571,0.2424242424242425,3,Nobuo Uematsu,A Fleeting Dream
8753,0.267222465993857,0.3606835847017038,0.4545454545454546,0.6809917355371902,0.006838632273545288,0.9145669655784274,0.9796126401630988,0.2602739726027397,0.10310585252482571,0.2424242424242425,3,Nobuo Uematsu,A Fleeting Dream
9767,0.6116717858709961,0.39980439594378964,0.8181818181818182,0.717084898572502,0.013557288542291539,0.28035232181357644,0.7614678899082569,0.07197049525816648,0.2457215296851891,0.20934027913778025,3,Tom Misch,The Journey
10771,0.5677928916191312,0.5604056210428786,1.0,0.6735687453042826,0.021715656868626268,0.29341855060746397,0.9571865443425075,0.06712328767123288,0.09571096556095499,0.32050579034637633,3,Shallou,Truth
11875,0.6785870996050901,0.3740670201266279,1.0,0.5431104432757325,0.11457708458308336,0.5346412360330809,0.9439347604485219,0.05690200210748155,0.18022395943376296,0.184605642813312,3,Blue Wednesday,Murmuration
11876,0.6785870996050901,0.3740670201266279,1.0,0.5431104432757325,0.11457708458308336,0.5346412360330809,0.9439347604485219,0.05690200210748155,0.18022395943376296,0.184605642813312,3,Blue Wednesday,Murmuration
11877,0.6785870996050901,0.3740670201266279,1.0,0.5431104432757325,0.11457708458308336,0.5346412360330809,0.9439347604485219,0.05690200210748155,0.18022395943376296,0.184605642813312,3,Blue Wednesday,Murmuration
11878,0.412022817025011,0.41215833633602716,0.8181818181818182,0.6968595041322314,0.08086382723455307,0.6914359815597317,0.8939857288481141,0.08851422550052687,0.24149587999154873,0.17786220672907443,3,Kupla,Search for Tomorrow
11879,0.412022817025011,0.41215833633602716,0.8181818181818182,0.6968595041322314,0.08086382723455307,0.6914359815597317,0.8939857288481141,0.08851422550052687,0.24149587999154873,0.17786220672907443,3,Kupla,Search for Tomorrow
11880,0.6665204036858272,0.49966541411437687,0.9090909090909092,0.689045830202855,0.0878224355128974,0.446192918043688,0.982670744138634,0.14857744994731295,0.724276357489964,0.11876411682529736,3,Swørn,Far Away
11881,0.6665204036858272,0.49966541411437687,0.9090909090909092,0.689045830202855,0.0878224355128974,0.446192918043688,0.982670744138634,0.14857744994731295,0.724276357489964,0.11876411682529736,3,Swørn,Far Away
11882,0.40873189995612114,0.28964842744633756,0.4545454545454546,0.5081292261457552,0.029754049190161967,0.8160677023629672,0.8470948012232415,0.9241306638566913,0.04848933023452356,0.7517723551760604,3,Hanz,Crossroads
11883,0.40873189995612114,0.28964842744633756,0.4545454545454546,0.5081292261457552,0.029754049190161967,0.8160677023629672,0.8470948012232415,0.9241306638566913,0.04848933023452356,0.7517723551760604,3,Hanz,Crossroads
11884,0.6007020623080299,0.4265712667936377,1.0,0.653794139744553,0.10977804439112177,0.9728624478896181,0.8246687054026504,0.08956796628029504,0.15381364884851045,0.6796247698875875,3,Knowmadic,Faces
11885,0.6007020623080299,0.4265712667936377,1.0,0.653794139744553,0.10977804439112177,0.9728624478896181,0.8246687054026504,0.08956796628029504,0.15381364884851045,0.6796247698875875,3,Knowmadic,Faces
11886,0.0,0.05080557986307716,0.8181818181818182,0.2833959429000752,0.02003599280143971,0.06274935766921796,0.9164118246687054,0.08261327713382507,0.0,0.11969109448644133,3,James Newton Howard,The Tour
11887,0.0,0.05080557986307716,0.8181818181818182,0.2833959429000752,0.02003599280143971,0.06274935766921796,0.9164118246687054,0.08261327713382507,0.0,0.11969109448644133,3,James Newton Howard,The Tour
11924,0.17946467749012726,0.21346579502753898,0.9090909090909092,0.6197145003756575,0.0176364727054589,0.9939694328643596,0.9092762487257899,0.0691253951527924,0.13902387492076906,0.6660269215202432,3,Christina Perri,A Thousand Years
12113,0.07634927599824487,0.0,0.2727272727272727,0.0,0.031433713257348526,1.0,0.9347604485219164,0.09062170706006323,0.06032114937671667,0.7915148903946836,3,Peter Sandberg,Motion
12114,0.07634927599824487,0.0,0.2727272727272727,0.0,0.031433713257348526,1.0,0.9347604485219164,0.09062170706006323,0.06032114937671667,0.7915148903946836,3,Emotional Oranges,Motion
12115,0.07634927599824487,0.0,0.2727272727272727,0.0,0.031433713257348526,1.0,0.9347604485219164,0.09062170706006323,0.06032114937671667,0.7915148903946836,3,Peter Sandberg,Motion
12116,0.07634927599824487,0.0,0.2727272727272727,0.0,0.031433713257348526,1.0,0.9347604485219164,0.09062170706006323,0.06032114937671667,0.7915148903946836,3,Emotional Oranges,Motion
12117,0.07634927599824487,0.0,0.2727272727272727,0.0,0.031433713257348526,1.0,0.9347604485219164,0.09062170706006323,0.06032114937671667,0.7915148903946836,3,Emotional Oranges,Motion
12549,0.7740236946028961,0.25258660626962476,0.18181818181818182,0.7119759579263713,0.058188362327534486,0.5386616141235079,0.9194699286442405,0.04056902002107481,0.15592647369533066,0.24190852950008485,3,Yasper,The Oldest Man In The Room
12551,0.03093462044756473,0.06460081330107584,0.2727272727272727,0.35341848234410234,0.01859628074385123,0.9728624478896181,0.8868501529051988,0.08429926238145416,0.006338474540460597,0.20118679252673216,3,Martin O'Donnell,Never Forget
12552,0.5392716103554192,0.30920883306738045,0.4545454545454546,0.7077084898572503,0.42051589682063584,0.5286106688974405,0.9551478083588175,0.1327713382507903,0.38305514472850205,0.8698771428198397,3,Nymano,Fireworks
13299,0.43725318121983336,0.08457301693519331,0.9090909090909092,0.21836213373403468,0.005278944211157766,0.9336637615079554,0.81855249745158,0.440463645943098,0.05461652229030214,0.2617079889807163,3,Øneheart,snowfall
13300,0.43725318121983336,0.08457301693519331,0.9090909090909092,0.21836213373403468,0.005278944211157766,0.9336637615079554,0.81855249745158,0.440463645943098,0.05461652229030214,0.2617079889807163,3,Øneheart,snowfall
13301,0.43725318121983336,0.08457301693519331,0.9090909090909092,0.21836213373403468,0.005278944211157766,0.9336637615079554,0.81855249745158,0.440463645943098,0.05461652229030214,0.2617079889807163,3,Øneheart,snowfall
13302,0.43725318121983336,0.08457301693519331,0.9090909090909092,0.21836213373403468,0.005278944211157766,0.9336637615079554,0.81855249745158,0.440463645943098,0.05461652229030214,0.2617079889807163,3,Øneheart,snowfall
13303,0.43725318121983336,0.08457301693519331,0.9090909090909092,0.21836213373403468,0.005278944211157766,0.9336637615079554,0.81855249745158,0.440463645943098,0.05461652229030214,0.2617079889807163,3,Øneheart,snowfall
13304,0.43725318121983336,0.08457301693519331,0.9090909090909092,0.21836213373403468,0.005278944211157766,0.9336637615079554,0.81855249745158,0.440463645943098,0.05461652229030214,0.2617079889807163,3,Øneheart,snowfall
13305,0.43725318121983336,0.08457301693519331,0.9090909090909092,0.21836213373403468,0.005278944211157766,0.9336637615079554,0.81855249745158,0.440463645943098,0.05461652229030214,0.2617079889807163,3,Øneheart,snowfall
13306,0.43725318121983336,0.08457301693519331,0.9090909090909092,0.21836213373403468,0.005278944211157766,0.9336637615079554,0.81855249745158,0.440463645943098,0.05461652229030214,0.2617079889807163,3,Øneheart,snowfall
13307,0.43725318121983336,0.08457301693519331,0.9090909090909092,0.21836213373403468,0.005278944211157766,0.9336637615079554,0.81855249745158,0.440463645943098,0.05461652229030214,0.2617079889807163,3,Øneheart,snowfall
13308,0.43725318121983336,0.08457301693519331,0.9090909090909092,0.21836213373403468,0.005278944211157766,0.9336637615079554,0.81855249745158,0.440463645943098,0.05461652229030214,0.2617079889807163,3,Øneheart,snowfall
13309,0.43725318121983336,0.08457301693519331,0.9090909090909092,0.21836213373403468,0.005278944211157766,0.9336637615079554,0.81855249745158,0.440463645943098,0.05461652229030214,0.2617079889807163,3,Øneheart,snowfall
13310,0.43725318121983336,0.08457301693519331,0.9090909090909092,0.21836213373403468,0.005278944211157766,0.9336637615079554,0.81855249745158,0.440463645943098,0.05461652229030214,0.2617079889807163,3,Øneheart,snowfall
13311,0.43725318121983336,0.08457301693519331,0.9090909090909092,0.21836213373403468,0.005278944211157766,0.9336637615079554,0.81855249745158,0.440463645943098,0.05461652229030214,0.2617079889807163,3,Øneheart,snowfall
13312,0.43725318121983336,0.08457301693519331,0.9090909090909092,0.21836213373403468,0.005278944211157766,0.9336637615079554,0.81855249745158,0.440463645943098,0.05461652229030214,0.2617079889807163,3,Øneheart,snowfall
13313,0.43725318121983336,0.08457301693519331,0.9090909090909092,0.21836213373403468,0.005278944211157766,0.9336637615079554,0.81855249745158,0.440463645943098,0.05461652229030214,0.2617079889807163,3,Øneheart,snowfall
13314,0.43725318121983336,0.08457301693519331,0.9090909090909092,0.21836213373403468,0.005278944211157766,0.9336637615079554,0.81855249745158,0.440463645943098,0.05461652229030214,0.2617079889807163,3,Øneheart,snowfall
13315,0.43725318121983336,0.08457301693519331,0.9090909090909092,0.21836213373403468,0.005278944211157766,0.9336637615079554,0.81855249745158,0.440463645943098,0.05461652229030214,0.2617079889807163,3,Øneheart,snowfall
13316,0.43725318121983336,0.08457301693519331,0.9090909090909092,0.21836213373403468,0.005278944211157766,0.9336637615079554,0.81855249745158,0.440463645943098,0.05461652229030214,0.2617079889807163,3,Øneheart,snowfall
13317,0.43725318121983336,0.08457301693519331,0.9090909090909092,0.21836213373403468,0.005278944211157766,0.9336637615079554,0.81855249745158,0.440463645943098,0.05461652229030214,0.2617079889807163,3,Øneheart,snowfall
13318,0.43725318121983336,0.08457301693519331,0.9090909090909092,0.21836213373403468,0.005278944211157766,0.9336637615079554,0.81855249745158,0.440463645943098,0.05461652229030214,0.2617079889807163,3,Øneheart,snowfall
13319,0.43725318121983336,0.08457301693519331,0.9090909090909092,0.21836213373403468,0.005278944211157766,0.9336637615079554,0.81855249745158,0.440463645943098,0.05461652229030214,0.2617079889807163,3,Øneheart,snowfall
13320,0.43725318121983336,0.08457301693519331,0.9090909090909092,0.21836213373403468,0.005278944211157766,0.9336637615079554,0.81855249745158,0.440463645943098,0.05461652229030214,0.2617079889807163,3,Øneheart,snowfall
13321,0.43725318121983336,0.08457301693519331,0.9090909090909092,0.21836213373403468,0.005278944211157766,0.9336637615079554,0.81855249745158,0.440463645943098,0.05461652229030214,0.2617079889807163,3,Øneheart,snowfall
13322,0.43725318121983336,0.08457301693519331,0.9090909090909092,0.21836213373403468,0.005278944211157766,0.9336637615079554,0.81855249745158,0.440463645943098,0.05461652229030214,0.2617079889807163,3,Øneheart,snowfall
13323,0.43725318121983336,0.08457301693519331,0.9090909090909092,0.21836213373403468,0.005278944211157766,0.9336637615079554,0.81855249745158,0.440463645943098,0.05461652229030214,0.2617079889807163,3,Øneheart,snowfall
13324,0.43725318121983336,0.08457301693519331,0.9090909090909092,0.21836213373403468,0.005278944211157766,0.9336637615079554,0.81855249745158,0.440463645943098,0.05461652229030214,0.2617079889807163,3,Øneheart,snowfall
13572,0.1981132075471698,0.05399701446440521,0.4545454545454546,0.08730277986476342,0.01643671265746851,0.9929643383417528,0.8899082568807339,0.12961011591148575,0.007817451933234743,0.08886582324755532,3,James Heather,Ultraviolet
13573,0.1981132075471698,0.05399701446440521,0.4545454545454546,0.08730277986476342,0.01643671265746851,0.9929643383417528,0.8899082568807339,0.12961011591148575,0.007817451933234743,0.08886582324755532,3,James Heather,Ultraviolet
13574,0.1981132075471698,0.05399701446440521,0.4545454545454546,0.08730277986476342,0.01643671265746851,0.9929643383417528,0.8899082568807339,0.12961011591148575,0.007817451933234743,0.08886582324755532,3,James Heather,Ultraviolet
13575,0.1981132075471698,0.05399701446440521,0.4545454545454546,0.08730277986476342,0.01643671265746851,0.9929643383417528,0.8899082568807339,0.12961011591148575,0.007817451933234743,0.08886582324755532,3,James Heather,Ultraviolet
13576,0.1981132075471698,0.05399701446440521,0.4545454545454546,0.08730277986476342,0.01643671265746851,0.9929643383417528,0.8899082568807339,0.12961011591148575,0.007817451933234743,0.08886582324755532,3,James Heather,Ultraviolet
13577,0.1981132075471698,0.05399701446440521,0.4545454545454546,0.08730277986476342,0.01643671265746851,0.9929643383417528,0.8899082568807339,0.12961011591148575,0.007817451933234743,0.08886582324755532,3,James Heather,Ultraviolet
13578,0.1981132075471698,0.05399701446440521,0.4545454545454546,0.08730277986476342,0.01643671265746851,0.9929643383417528,0.8899082568807339,0.12961011591148575,0.007817451933234743,0.08886582324755532,3,James Heather,Ultraviolet
13579,0.1981132075471698,0.05399701446440521,0.4545454545454546,0.08730277986476342,0.01643671265746851,0.9929643383417528,0.8899082568807339,0.12961011591148575,0.007817451933234743,0.08886582324755532,3,James Heather,Ultraviolet
13583,0.39556823168056165,0.3627425747670768,0.09090909090909091,0.6751314800901578,0.18776244751049787,0.8160677023629672,0.9408766564729867,0.09062170706006323,0.04796112402281851,0.881940908438108,3,Shallou,Last Day . . .
13584,0.39556823168056165,0.3627425747670768,0.09090909090909091,0.6751314800901578,0.18776244751049787,0.8160677023629672,0.9408766564729867,0.09062170706006323,0.04796112402281851,0.881940908438108,3,Shallou,Last Day . . .
13677,0.31110136024572177,0.19184639934112319,0.8181818181818182,0.5223140495867769,0.017156568686262745,0.9457248957792361,0.9551478083588175,0.12539515279241306,0.12212127614620746,0.18342407269593836,3,Tom Misch,Summer
13678,0.31110136024572177,0.19184639934112319,0.8181818181818182,0.5223140495867769,0.017156568686262745,0.9457248957792361,0.9551478083588175,0.12539515279241306,0.12212127614620746,0.18342407269593836,3,Tom Misch,Summer
13679,0.31110136024572177,0.19184639934112319,0.8181818181818182,0.5223140495867769,0.017156568686262745,0.9457248957792361,0.9551478083588175,0.12539515279241306,0.12212127614620746,0.18342407269593836,3,Tom Misch,Summer
13680,0.31110136024572177,0.19184639934112319,0.8181818181818182,0.5223140495867769,0.017156568686262745,0.9457248957792361,0.9551478083588175,0.12539515279241306,0.12212127614620746,0.18342407269593836,3,Joe Hisaishi,Summer
13681,0.31110136024572177,0.19184639934112319,0.8181818181818182,0.5223140495867769,0.017156568686262745,0.9457248957792361,0.9551478083588175,0.12539515279241306,0.12212127614620746,0.18342407269593836,3,Joe Hisaishi,Summer
13731,0.40324703817463803,0.048849539300972876,0.36363636363636365,0.3202103681442525,0.045590881823635264,0.9819082985930787,0.9041794087665647,0.08061116965226556,0.0798647792098035,0.45125533664956324,3,Norman Dück,Detroit Become Human - Opening Theme
13737,0.12242211496270294,0.2834714572502188,0.6363636363636364,0.6323065364387679,0.017156568686262745,0.9236128162818881,0.8837920489296636,0.17281348788198103,0.08937249102049441,0.1480944733852963,3,Masashi Hamauzu,Wandering
14062,0.25296182536200085,0.3267102486230504,0.5454545454545454,0.5278437265214125,0.010197960407918413,0.008313438324837101,0.8766564729867481,0.0541622760800843,0.44538347770969794,0.7897196871776793,3,Kool & The Gang,Summer Madness
14063,0.25296182536200085,0.3267102486230504,0.5454545454545454,0.5278437265214125,0.010197960407918413,0.008313438324837101,0.8766564729867481,0.0541622760800843,0.44538347770969794,0.7897196871776793,3,Kool & The Gang,Summer Madness
14064,0.25296182536200085,0.3267102486230504,0.5454545454545454,0.5278437265214125,0.010197960407918413,0.008313438324837101,0.8766564729867481,0.0541622760800843,0.44538347770969794,0.7897196871776793,3,Kool & The Gang,Summer Madness
